mode,par_swap_5y,par_swap_7y,avg_forward_5_to_6y,target_swap_pv
LINEAR_ZERO_RATES,0.03399505,0.03314647,0.03112045,-9538.62
LOG_LINEAR_DISCOUNT_FACTORS,0.03401511,0.03315820,0.03061658,-9763.77
LINEAR_DISCOUNT_FACTORS,0.03400777,0.03315038,0.03014800,-10099.19
